PayrollID,EmployeeID,PayDate,GrossPay,Deductions,NetPay
f5a7203c-c9d6-4ef1-9d01-7fbf6640ca43,281640af-0757-4999-9df2-d73b80caf301,2024-04-23,4922,1488,5725
94fdea2a-0aaf-4c82-8d83-922af84b85ee,5f994cb8-04c0-427c-821d-4f8b87de9a09,2024-11-29,6008,1960,4390
6f7f6cac-5896-4835-9f81-e6940abd96da,d38be133-c56e-4eb2-be4d-a9174f8a1379,2024-01-25,5379,1290,3208
d7372c66-ac54-4061-a19f-d61ac7403751,82a27184-2259-4fe9-8ccd-fd92f323ca8d,2024-11-09,4055,1419,5543
f0078dce-a19f-44ef-abb3-d016e5786c05,a28367b6-282b-42a6-818f-059a1e7d3ecc,2024-01-11,5631,1229,5456
2257d181-c944-4684-9041-7bbce9a9a1fd,d56fae10-ea35-401d-974d-fd82c71c44c6,2024-11-21,7207,653,5294
c66cfcb1-04f1-4079-9f9d-de846e054572,b39bf432-57e7-42bb-ba82-911631355022,2024-06-11,5459,1313,4804
0ba62b35-3d78-4c50-8e1c-96ba597c51fd,7feda354-2c4b-4dd5-b0fc-c8771027643d,2024-10-31,7209,1907,5377
d3baaac0-1a8b-4ecd-ab20-7d54c770dfc7,f96590c7-9584-47d5-bfdf-8700e258aa13,2024-09-21,6598,977,5865
e9c5a8e9-7e57-4a94-bb68-b59b30db75e8,ee654bc8-9449-48e9-91c8-e69091301e90,2024-04-19,5174,1490,3686
04f5ef5e-e235-42b2-9c68-d3d2f139095c,5845a011-80fe-4b06-a4d4-708473246828,2024-07-12,4294,1428,4131
05913720-3084-428e-bada-88cdce17a0cb,c97de832-f74c-4e9c-8e22-97510fb03393,2024-07-16,5132,1495,3455
2165b814-c104-436a-8e81-83ff8d087fd4,688a50a3-88ff-4e2c-98a8-edad450f9540,2024-03-07,4705,1749,5511
35578754-cfef-4ee2-9c1a-6830a5e90e55,fed58c79-fe08-415d-b3e6-ac10d9b8cc50,2024-05-04,5925,672,5010
716a6d24-73e4-40db-a643-ce880c702dc0,b217c137-3775-4043-b498-10ada48d485d,2024-03-01,5543,1076,4189
a62cbdd5-0203-4153-b58c-b0242b265dc4,5c42e8c6-b3c7-47e5-895a-842529dc82ee,2024-04-13,4230,1171,3091
e1c385cc-81bd-4226-bddf-9143fe8bf036,a2a2b574-5728-42aa-9ed6-e9ce7bb94c9a,2024-07-28,5021,1179,4541
d6a9cf0f-646e-4514-a399-9fc58ce5fcba,e62fa82b-5f48-4255-8570-d0b9c7c3f0ac,2024-12-20,6191,1939,4321
4943ee35-ce94-48d4-81a8-3a4aca7e07bb,b44e3b68-239d-4dc6-bdb4-b262412614f1,2024-02-11,6278,1271,3596
b38c5d2f-0ef3-4de2-919d-47efa8f8c07c,2ab82673-c5b7-4480-97de-df479d5d0b63,2024-04-21,5885,1870,4564
b77515a6-258b-49f2-bd80-5f66768d93cd,a4509072-9af8-46be-b21e-78583b3bb956,2024-07-02,7093,552,3918
ad902d70-8e15-446e-a5b9-cadc43149023,a16eb339-8468-4ad0-940c-eb120d80e23d,2024-03-13,5382,1189,4023
f032f06c-7663-416c-bada-016fa0ad7114,155dd9ac-d3f9-42d0-a23d-76c700d950db,2024-11-14,7925,534,4398
89791c1f-36ee-41bd-8ed4-8bb30a791ff5,402a8066-39ee-4420-a3b0-306e0dea7f2a,2024-08-25,4192,1344,5180
afb1e848-7198-4e65-b5ec-6db85436f9d0,8b6c4489-b783-4fa2-85fc-0574a05bc406,2024-10-18,4637,1370,5647
a13bb546-530f-479b-9b6d-d1135ea8c8eb,5f4c5c64-b40e-486b-8775-3b2164dce01e,2024-06-07,7909,882,4525
615da2f1-c9dd-4255-b7a5-bdd12b7618ed,b69486c8-97ec-46ee-a652-3b36714f7e36,2024-03-11,5290,1513,4546
61f1666c-a244-40cc-9a6b-24610a89c294,4468b8a1-8aa9-4226-85d4-a3553211e76f,2024-01-09,5695,1325,5276
1cab4f9d-8100-4718-93ec-29e5e6862a33,b95be3ed-d431-4159-be68-96aba31d743a,2024-11-16,7315,704,3950
f4b13feb-a9e7-457c-849e-ae73370285a2,bcdc1004-74c7-47d1-b6e6-79946c8e116f,2024-06-25,4448,998,3793
1f01b83e-5309-4028-87cf-1452cecc2035,c25db872-b9e2-4fe3-afc1-9e16f89f2e31,2024-12-16,6132,1583,3628
c93eebab-ea46-43e4-b57e-ac66065bffb1,d1e8eec4-01ef-418a-8fa8-cc080207a5a8,2024-07-09,6543,1481,5306
ede2af2f-b85a-4b9e-a48a-9013c991fe12,7e75d156-10a2-4a23-9f78-d6e91011e8b1,2024-08-08,5653,534,3190
dde55edb-e56b-40d0-a47c-0a4bf489cc98,0ed75ab7-d421-4f10-8937-8fc6250a42c0,2024-03-20,5289,1377,4850
239e1062-c203-4c01-847b-446e11f12a04,25ba4b81-cfc7-4ed3-a4f9-3cc9372f2d08,2024-07-08,6976,1220,5420
8c217e89-17b6-44ab-b110-6b3a077c1bdc,1290253f-7505-4d50-a898-898b1d3da2b6,2024-04-02,7633,1674,4283
f6e3c533-1c65-45ec-bb6e-aa1fb1f6d44a,42442642-6393-44e0-91c8-cf71482f6819,2024-04-19,6124,565,3093
ab6d87a8-98fc-4fd2-852a-f588190734fe,c5eec917-5658-4bfd-9a81-e4cc79da4187,2024-07-12,4989,1517,4240
25eb6011-4e34-4870-b786-31a75355a03a,e7ed0b63-b080-4fd0-bee9-8ad918dcf36f,2024-04-07,7223,1733,3391
9a0784b2-e25b-4624-96ff-19bf7114ae28,5c1b53bf-4f14-4970-a591-6e668a285593,2024-01-20,5571,1146,3569
681e48c1-546f-430c-8faf-00f3b1a33352,c2f9684a-2769-40b5-b584-8f97b1cf6c19,2024-02-23,5302,1263,5366
56d3ea15-b01b-4594-8181-e2b973ea22c9,59c3d2ab-4006-4365-9adc-b66c4aba27b3,2024-03-26,5967,1920,5592
4f29a967-a0c2-4f0f-adf0-8fd2e86b32cb,12c25df2-cc05-4e96-baa8-442202e4a719,2024-08-23,6823,1736,4665
03c454e9-20ae-4472-89eb-948f27b1d2b8,d897db21-cd9c-4121-bab3-4a6cd3bb29d0,2024-08-21,6807,553,3137
c3b444b8-0c82-4697-b8f4-66e9454a5a9d,d87144ab-c33b-42b2-b12b-9d3355f575a1,2024-12-26,5461,1029,3927
3aa174fe-9d79-48b2-8005-bc4d4ab8fb89,71afa963-5d8c-43da-b89a-1750e8417397,2024-04-07,5360,1175,4068
28be6518-d903-45a2-be65-3a9a4cbf4322,8189d298-2995-48e8-838a-aea0598091a0,2024-01-31,5366,775,3695
c1984138-28d7-4e8d-88a7-635c18f94310,3a0f7db7-2665-46dd-842f-60b53e7d92cf,2024-10-17,4858,1400,4533
552719a5-195c-4150-b4ed-94b2f703b947,03e5e0b3-6b4f-4439-95eb-b711c4aaaa95,2024-11-13,4741,1405,4329
8c7cd382-91d8-435f-809d-57bf6735e10e,adaadcc0-7f07-4bf7-8810-bb110b0eb24b,2024-11-18,7704,1621,4544
aa8d0359-d8c6-481f-b0fb-75a7b1f91359,4cfb5fe4-95d5-4fe7-9867-216a2cfd8f81,2024-06-23,4126,1550,3195
0ceb02cf-01c7-4e50-8e38-e7469dc53a96,4f9b3833-8030-4a28-9b97-ef8b3899818c,2024-11-07,7898,884,3936
c0332ec7-15b6-47fb-8290-bb4a25fa6c46,52a39131-8154-45d4-9f43-8874a4ab8c4a,2024-04-16,5764,731,4186
fbb2830e-d61a-4a7e-8f76-e903f47e2289,23a13f36-a609-4678-a608-57cad9ada6fd,2024-07-31,6451,733,4187
2e469ca5-8470-484b-9987-3c28d1435f0d,fa4c00f6-dac3-4c8b-8f34-919664bcb988,2024-03-04,7165,1841,4447
e035584a-4e7b-4d70-88e0-d1ef4bd1e919,7f7f059e-ec74-46ae-a63c-fccbfc5be0d9,2024-01-23,7197,586,5974
16fbee76-6738-4a2e-b0af-59413ab23a74,03448a6e-3671-4f1b-9214-934432c1ede5,2024-06-13,5828,1565,4229
26d8a138-1cdf-4b93-a888-c74debeb5ab4,54b4c915-f1c1-4514-b16c-c289269dadaf,2024-12-21,4183,1104,5197
1c9536ad-4a5d-4fbf-9f9d-a0299045f54b,3ca273ec-75f1-44f6-9d20-34cb563b8736,2024-03-21,6849,777,5532
3b5dbc0d-f5d5-4976-8292-c91985d147bc,9e5d791e-532f-4f5b-9824-15358c216814,2024-02-03,7534,1122,5243
5c910f88-05b1-4d0e-8694-7776b272e6ff,1f841645-3fb4-4ae2-828d-877abf551800,2024-08-18,5691,1509,3471
40b13afa-1e4e-4e87-b8d0-d3fc02e935ec,7964ec27-12c2-4a30-bf89-867a52b0b892,2024-04-09,6406,1382,4437
855cf4b5-bf8d-4453-a721-716381c0df68,dc5b7c6e-06da-484c-9fa3-1bbfa6cb9c37,2024-09-27,4312,1149,4363
afba867f-9fb7-4856-bcf4-dd9338ec0d2d,a8409a37-73bb-4b57-9ce9-d4593dd62dce,2024-12-28,6232,1015,4227
3aace876-d198-4623-830b-cd0157abd318,afb4b3b7-f7f6-4902-816b-752f810d598c,2024-08-04,6729,1516,4369
93a96ff8-c74f-4d00-8182-e142bbb575c8,7d494112-5832-4163-8fbb-61038a40136f,2024-06-25,5972,1223,5835
229bd736-b4de-4115-8ba6-2e1af0720a6e,0165a65c-0295-4161-8982-b65997425e8c,2024-04-29,6753,1954,4533
e788e804-c4e4-4a44-b1ee-9bd8f20ec79a,538627af-636a-4d4d-a2a7-b602246d96c6,2024-09-05,5379,736,5031
4b352bed-4f69-43f4-b819-77fd107d2287,78aa274d-9619-462c-997b-d32dc9fcf7ce,2024-08-20,5096,1112,3410
83bb115d-4c03-4d74-a954-48f21ad924de,7efc3f60-8aa1-4612-be2d-a419e246e747,2024-07-14,6325,1505,3040
52b57c6c-1ff0-47b1-be12-06c26b8b844a,884d6232-8f36-4039-9cb6-8ca723afe676,2024-10-19,5926,1771,3476
d580156f-d416-4ca4-adb1-f1bfd67fcc7b,3a5dc2c1-1fa9-4289-be61-3e1bddbcbe36,2024-08-30,4788,600,5449
29c45808-d9c3-42a9-8211-206bdcee8c3b,a3e78f40-a311-4e35-91cb-2cab67e1194a,2024-03-10,5382,1341,3413
73d4910c-caf0-4e53-b03c-b0d154a479d3,e8306bc3-c654-4c12-b5c3-59153acec4a5,2024-02-22,5490,1486,4233
cb03f2e2-c4fa-402f-b64d-a7e196047e97,0f5639a9-74cd-4960-b88d-0f069e1c7d0f,2024-01-26,5785,1249,4063
0ad2635b-b553-4dd2-a2f1-fb04a6f514a1,f111c7fd-7ffd-4fdb-99fd-e3bea864582f,2024-03-19,4103,1859,5548
66c9a25a-1db1-4fb8-ba46-14ec0ccdebe6,4e020afc-2876-418c-a5d2-9a46ceb1c292,2024-02-15,7169,1255,3295
2fce0610-ca9d-424b-a4b2-8b38eb76575e,fbccd9c0-cc30-458b-a5df-69b7daf03abf,2024-09-07,7483,1998,5016
09c62674-0b92-443f-b7a9-fac35b19758b,ed8578bc-5501-4dee-9847-f74004064f42,2024-12-13,7109,1951,4326
d1968e1c-5503-4d35-aa47-d477fdecf769,135e4a39-f74b-4a0a-aa60-4d484d2c4ee6,2024-06-06,5083,1921,5329
dc4a5874-9d3e-4440-ab6c-9ca83b400c50,cf71e719-c40a-4ce5-b42d-a84c95ea0340,2024-04-24,5215,1436,3708
d39b96db-31f5-4185-bbc2-8f3fe95a26a8,745ded0a-fb9d-457a-8c64-575cc2358792,2024-04-28,5689,727,4709
b29ca3cb-ddc3-4e1a-a3fe-b44285f45ab1,bcefd5a0-11f7-4b69-9ca5-451f86c8f4ab,2024-06-22,5620,1216,5675
bf2094a9-a31d-4758-998b-ac29cb6460b3,7f601e70-ff7b-4c26-a8b8-599f1c0dc05b,2024-03-02,4529,795,5083
cf4fa1d1-2b62-46e0-a535-f7408dea93a6,386db5a4-285f-4bd9-924b-517ed0556bd7,2024-05-28,6247,642,3015
06e3c25c-a2d0-45e4-bdb1-08eb71b7b133,bdf3825b-0781-4472-8828-0e3f07d55b4f,2024-04-06,5522,569,3031
a5252b11-8c2b-483e-a77c-ff9e55625c11,1333cac6-7fbb-4ee5-99b2-3b49fe543d9e,2025-01-06,6762,1786,4320
22a9e0b6-a136-4b34-a397-f7de31b7c3c7,df3e53e1-b009-495a-91d5-8595cef0a5b5,2024-06-11,4100,1527,4125
8c2657e0-67d2-4c12-b0fd-20d9de430c8c,68f768b3-eed3-4b76-80dd-5137267eeee6,2025-01-04,6481,622,4474
3dc04552-e948-4d51-8d3a-b67106ed6465,7b1dffd5-25ce-4814-8d66-ba62d7f40f30,2024-02-17,5872,1752,5355
56d35691-7596-453c-85a1-28d3f5992b01,b4366f51-04ec-4b05-814d-c68c7d39c351,2024-01-30,7626,1209,5964
1636f364-5660-4432-9e1b-7e80bcc9eabd,34e7ee6d-b87a-4aeb-9089-12977d6ec199,2024-02-11,6164,1011,3649
db5cb923-ac78-40e7-822c-ad08b670ea8e,44c3856c-aad5-4877-918f-37538f63e190,2024-04-18,7575,1647,5854
e9dbc1a9-a699-4295-aef9-b3afb412bd62,753f2091-0981-4780-8ef7-48ac0c975e05,2024-12-27,7672,1476,3234
c7c7369b-5e9a-4fed-836c-63ce96cc27a1,dcef3d19-6808-4af0-8b62-00d9912c6a86,2024-02-09,7307,1058,3954
6d57cafa-f384-4fb0-a04f-878d96dca3ae,bb858705-5eb4-4705-b679-9b9729db3423,2024-06-11,4707,1402,3092
2c93975e-6d4b-4464-93e4-b5a2ade7f725,c6249852-a0af-4d8e-9227-628fdf5fc756,2024-04-08,5979,1132,5450
abba78da-a20b-44c3-a812-caac4b7b5a14,371b68c1-a315-40ed-9468-0cd81aa3afd5,2024-07-30,5902,511,4686
d59be1bd-7d04-467c-a8fe-70a834c1bbde,43309933-c433-42bd-b578-0934779d0359,2024-12-23,5877,1651,3151
feac6307-87b1-472c-b2af-b2ca6cd8a014,ce0ca02d-34ac-4a75-b21e-b776b6c67128,2024-01-19,4186,1017,5336
adf23607-d4e8-4ddf-a2d4-8d87ca13d940,8199887e-3870-4bbe-b150-67512c8d36c8,2024-04-01,7748,1264,3779
2b5aa2cd-b016-4161-983f-1a079cd6670e,5565c722-01f7-4845-abe9-28d764a17dd1,2024-12-05,4648,1267,5894
bf25d489-be5d-43ee-bdd0-80f9c0f8a96c,bd2bb217-52d4-4617-b27f-ad52137fe4c1,2024-10-06,6376,978,5538
50087798-be2c-4e5f-a808-950c5581a11a,f8dc055e-00a8-45bb-94e9-a03a96edc4d7,2024-12-27,5064,783,3855
988bfae4-7379-441a-8b20-7f4643c941da,e76b9683-3be8-43a4-8701-ec17f38ff056,2024-02-02,4559,1159,3708
5c3b662d-4b97-4cd3-ac2e-ae5b4ff9e5a5,0fdc621a-fd02-4d5d-b411-e688c5a1e8be,2024-02-25,7396,1053,5033
7f7e45fb-c63e-4a63-86d7-b5cebad47117,186680ab-2c7b-4faf-ac72-8b3ef2406c84,2024-09-30,6564,1077,4190
99d05515-baae-4daf-95bc-d8a6fbcb338a,72b8adbd-595b-476f-8295-13aa3e83e541,2024-06-04,4426,546,3490
f06db7bd-0cb9-4967-9620-3d80d6472179,0f78d2be-331c-4c25-8104-062ddffc096c,2024-05-10,6525,1396,3722
c1c33943-d5c8-4a9b-aca3-b153e0b8897a,7d7d1829-ca2d-492a-bedf-fb301c176f6c,2024-12-02,7316,661,4837
9e9d5332-be48-415d-aedf-b1bd4b9bfdcb,dec2f409-1d82-42c3-8b77-dee6acbb76b1,2024-12-23,6945,1451,3020
eda63d50-acdd-4fb8-84b0-c2288d4635bd,08abebc2-698b-4778-a8e8-3ce29fdbdfd9,2024-05-12,7988,1282,3091
66781711-1332-4911-9a02-359da6f56077,77599df7-8687-49d4-83ab-6441ce5c16ef,2024-10-29,6960,886,5272
9daef10f-98de-4da3-a3e5-69ccc7188069,6bc1edb3-a66a-48d0-9ff2-335622114e2f,2024-12-25,7993,1427,3415
25be1925-6edf-4bff-baa9-760c488b6cdd,c289f0c3-5cd4-46fc-8dd2-b9ffa8f32a2c,2024-05-19,5213,510,5476
ac773c80-99fc-4a57-8594-efc267b8c33d,2926195d-1fc2-47fe-b453-17102ba521b7,2024-03-21,4855,1169,3282
64f8434b-3a1e-498b-a575-ad4523517d37,e7dba491-9029-4f45-b7a8-5e4b9d5d4c5d,2024-08-16,5734,1748,4720
8a32dadb-60a6-4e2b-812d-bbbf2743ad53,260a263d-88f2-4bf6-ad5e-d46a1d55610f,2024-10-01,7090,1532,4786
0acd47f5-f17c-450f-b761-43bdf3bef90d,7b99fc71-0ccb-4b19-978c-844a51349f37,2024-11-06,4112,915,3196
c7aa68b8-5d8f-4e3b-a7a4-5a63fc0a5108,8b1a4691-2996-4e1a-91f8-aef1578fabfd,2024-12-07,4645,1088,3403
02599783-d0ae-4366-9d2c-10da5b5c3f39,ba3cbc67-a8f5-4401-871b-9d849652cde4,2024-11-23,4758,906,3571
56734f81-e75e-48bb-8814-43cc2c4e7d71,aab22ac5-d71f-44e9-b6f6-634895f4519a,2024-12-17,6027,749,3086
695726ce-86ec-405c-adbb-ebfc91401cb3,c4802b4f-f508-41c1-adf7-ee59382858e6,2024-04-06,7108,1888,4940
e9815287-0f74-43b2-af7f-beda80d9e72b,a4ed836d-94ae-45de-b755-4a3dde7da915,2024-03-08,5356,1499,3790
1489b289-79b2-44cd-9196-8163e127e416,2c7f0317-dbd3-4782-8b39-54ddb2333822,2024-08-03,4226,669,3209
250a0e68-a785-49dd-bfa3-430a1151d2bd,d7f78caa-3184-451c-b34e-d9b522cadc2b,2024-07-03,6323,800,3875
76f2b45e-ea34-49c9-8642-11d490ccb204,432da541-056f-4a68-a68d-8fe5cbf49537,2024-03-07,4243,605,3164
e8498527-87e8-4350-b6d2-d83606ad8e82,d05297ac-cddb-4491-82ff-9834675311b1,2024-12-07,5236,982,3044
a6fc531b-23c9-4274-b53f-6a9842923a2b,f4d5c0b1-adc7-4db8-8d8c-a55a86791cf8,2024-12-02,5712,806,3058
645922e2-46f1-4670-be25-5b1e3d696a6c,624c41c3-ad57-4823-9ceb-ed5b6afb54ee,2024-02-12,4902,606,4293
36dc427b-e75a-4526-bd6e-df0ae35d7e59,80f76299-c79e-4566-9e7e-437fffabe489,2024-11-08,5719,614,5765
e3f8bb21-02ac-421e-bf61-ac858748b701,5ac5129d-de30-484e-9b05-3ad151072382,2024-12-29,6959,1628,3484
932c7fbe-a599-4415-b9db-9ac0e52f808c,ed79ad14-afbf-4a52-82c2-c588aeefaddd,2024-03-31,6243,1656,4607
8a3a3994-526e-4dd8-b743-b1fd3a2d8116,b0ce37b7-7919-4f96-bb81-8468b2c7a4b8,2024-11-29,6433,1317,4682
684e870b-6a5c-4fbc-95a6-155601e02fd2,bdaf0424-0885-4655-b607-a1b02a928211,2024-02-01,6763,1183,3971
f8bf5cc1-a068-4d19-ba1a-e1f9fae4a528,0d94cc49-e945-42f1-9ed7-26b29e29ebc0,2024-03-03,4934,1138,5825
cba1bf43-a0b3-4c41-94da-efdc0c677677,1b8ad5aa-f9bc-4553-96b8-0b214cf7ab8e,2024-08-02,5370,1156,3411
51b27aa5-8d96-4582-84cb-29ac34fb1ccb,3a6e1f22-742b-4e9a-bb79-4e2f28374cba,2024-01-22,4266,1699,4763
1b7c7a41-8bfe-48da-b7f3-8ae7b972fd1b,8c41ec49-c28b-4ca6-98c6-90e4b90ebb5d,2024-08-28,4257,688,3612
677a6f60-491b-47e2-9595-14a49e9207e0,56e81b95-81a7-400a-9a73-2729401079b5,2024-08-24,7654,1928,5837
cd69f16d-5451-473d-87ab-01def7a5697b,4f7af68f-9151-4245-88ac-cc32601a6ebf,2024-10-04,7073,1995,3755
dfd9a5b3-410f-4fa9-9123-4040fe3c5cbb,73276474-9caa-4dd0-9fd7-f9c0fc8d7845,2024-12-09,6182,1650,3921
dba277b9-39a2-445b-bf1e-8a1c99e72c8a,a537114b-eb9c-4cf0-9fd8-6b0e7004598d,2024-12-24,7311,1008,4112
3505ace5-1097-4f8f-87b3-10afb190fdea,d0139cac-e136-4c34-b0ee-612291bd8c71,2024-04-16,6672,954,5277
5e8b23d4-cf24-4fad-9420-6daa114e5a43,55211f46-548e-4232-8f52-f26c5417aecc,2024-07-15,4763,626,3483
1850ac59-2bb0-4be5-b61f-fc8d923ad254,0e5ffd96-1e40-455d-9ac4-536bddeedee7,2024-01-10,5062,656,5457
d54176dd-7eab-4847-83f3-d052d3f793a6,4c34cbdd-33c9-421d-b7e6-a95c099740ea,2024-11-11,4730,1723,5737
02c80515-1b4c-460a-9875-7c69e3d94288,c966e48b-7138-449f-8d71-2e3a4b7081ee,2024-11-13,5927,1876,4248
837445f0-2560-40a6-81d7-af27e0aae972,06bbe167-bea4-4930-a377-da67241b7a31,2024-04-12,7905,1107,5518
b03d8005-91ed-435d-bc86-91bcda758e58,15fe9985-2221-4621-ab19-ddca84f45aae,2024-03-28,4987,1895,3743
f6286336-d3d4-40cf-ad6b-6a50982232ba,627d68d6-a4b4-4eed-9272-7ba22cbd5177,2024-10-11,4708,1996,5948
fe1a2f0f-7384-412e-b8cf-6be8c9739efe,d2266a6a-53bb-4626-812c-8c6dd3cce5aa,2024-03-26,6310,709,4069
d56ad224-fac6-4254-9b1e-8dde0bfb64d5,d2083a42-d9a2-409f-8c88-565b1bfaec6b,2024-07-31,5756,1620,5660
d83b9da1-e816-4fd7-91ca-b9f4ea2e0271,dd7716c5-4f64-4a8c-beef-558efc3e5f53,2024-04-28,5546,503,5071
a9f541c7-5719-4313-ab69-1a3c7fc7e8a4,f235dba9-f5db-4f6d-bccd-761ec583006f,2024-08-27,7040,1552,3651
f92be485-5e3d-4a97-b1ed-c6690959bcca,73a8943e-232a-492a-8db1-a90f2b836bf9,2024-03-25,5445,715,3922
593dac5e-cb65-4152-9b2a-3d87fc95c402,59c11870-ceba-4947-92e6-4bf3bb994f11,2024-10-30,7841,1350,3170
49e49067-e521-4948-a8ed-584222e11cc1,4cd7bb1f-8000-49a5-b132-593c4edcbd55,2024-07-06,4204,665,3488
bf0d4c46-fbcb-4e65-ab87-66b56d84ab80,c99e1807-8c9f-4fb6-89e5-64333392b823,2024-05-31,4623,1114,3754
375715ac-d401-4a8b-85e4-73ef158d9401,babcc840-08d9-4cd4-863e-cfcbba88d1c9,2024-08-16,5725,1113,5208
eefccf85-beff-491a-9b4b-e9c84c7a751f,98255002-45b6-46ef-8e10-01f463e179aa,2024-06-22,6174,1746,3567
34e7e385-e8ba-476b-8f9a-0cfc5c5e6661,8506a7ae-0786-4753-98e1-31180c41bfce,2024-11-21,6109,658,4691
b620b5b9-3cbc-47f5-ae80-b4fcab80e2de,d659e1ba-5c45-4fb9-a8a1-8f77146e737e,2024-07-13,6601,762,5493
38763d52-206b-47e0-bfba-7330d8aeea83,4abbc014-86d9-4354-a8b9-0b37a916ff4f,2024-06-11,5961,727,3681
31090d03-c883-4bca-ad3f-9588fef0c76d,2a28ae34-34db-4097-9872-688f35a4ee31,2024-04-19,7922,1114,3805
40716081-c72f-40c9-b9d1-69f17c8469e3,cbf47fe8-fd95-460d-aa2f-67efc286604c,2024-04-03,6692,909,4117
35fe5b5a-5301-454d-ba7c-7287e7cd7103,b7e4c27b-1a57-4136-bafc-5d1732cfa36e,2024-06-07,6855,1867,5702
4768f23d-3506-434b-be2d-321ed84d17a4,c3f62bd1-abcf-442b-b827-ac5711b3f138,2024-05-23,5505,1880,3290
94931e6d-71dd-44ad-8d9f-7abd1ed8a456,bd8d87b3-e166-4ff6-b113-256e74d84bdb,2024-02-16,5863,1244,4381
32edd26d-1e4d-423f-b171-7955de217d55,011f08c6-3c60-4dec-a266-c2c793112bb8,2024-05-23,5493,1250,4856
b69d793c-0e17-4dbf-9705-07e7211284c6,a2a796bc-5d4b-4cc6-adb0-c3a626c3574f,2024-02-28,4453,1108,5643
d5352f14-15fd-438d-9b94-be8b963eaeaa,831211dc-f618-4799-9f7a-5ae07b85e92c,2024-10-01,5650,1204,5137
4bd8dcd1-db2b-4e6c-81fe-2ff94e8c8ebb,6d3a3afe-9fb1-4f13-ab24-db42e00aeea1,2025-01-01,6441,1719,4567
4595b0b1-cd45-4dff-8a22-64c1f84921ee,f8b1279c-f06a-49f5-83c6-978b963213a1,2024-11-10,4807,1165,3929
a633e824-fed2-4ff3-b52d-cb1f196c01d6,cb266c5b-ece5-49da-9f05-8c10fa250803,2024-05-09,6211,932,4513
c7a048be-0f4a-49d7-a316-02e569058424,bdf14a51-6636-4ede-b507-1f483dbb352c,2024-01-26,6193,1718,4516
0e58aef6-1ba7-4f40-8e2c-56ca190adefb,f7a9abb9-b01a-456e-a7f9-3051c551e441,2024-07-26,5883,1920,3039
3d854c5c-bc2c-4c6e-85d5-fa47d04b2fbb,57bef38c-20ee-4710-a4eb-940ffb22ad05,2024-09-26,4834,905,5361
aefd72af-eedd-4409-91b9-281c237fb0b7,7e47d3b5-dc25-4062-9586-a5ff8c346ee4,2024-08-24,7209,1870,4721
337df35a-e96d-439d-8417-4859ba77184b,8573c174-22a5-4805-bd27-371adcf7b6cd,2024-04-12,4758,757,5316
29192362-69d9-4c8e-99dc-e814d10d0ab0,5d455b54-8bc4-457e-abd8-a9ef67e57628,2024-06-06,7558,713,3503
0985071d-abe5-4851-9ee7-cc6d436ec79c,19bbb171-ae28-4cb5-93b0-b3d1ad8ff580,2024-10-22,5838,1256,3802
99564e70-2f4b-47d2-875a-678f4dcc98d9,36efa564-1b73-402c-9f8d-3c3c1e82a1d6,2024-08-20,4868,772,5850
d5f0b2c2-3096-4bc0-8843-2c8cca6d482b,77b5d1f9-7330-48b1-825d-6c8fe1aea632,2024-09-27,6084,1991,3772
439daece-15a5-4cfc-9a45-ca7b20596f06,dadc75a4-0783-4cec-96e8-557db9e1d2a5,2024-11-30,5363,1173,3892
9467c57d-8f5b-4678-8037-9ceca3641f69,12334d61-15da-4524-87af-f699fb401f55,2024-08-27,7859,1653,5162
8c12ca18-ee93-4245-b7db-ec14ec1d2825,5e4f5d6d-66e4-4905-a572-3529638bb488,2024-07-27,6387,1036,5513
1ac4d6e0-d2d6-4336-9884-7e791a3eda7a,2bfb4c5c-4fa9-43be-9dbb-bee4644700db,2024-07-30,6220,1732,5227
9edf383a-3718-4174-93df-a63a20e63630,419f6541-ba3f-4bc7-abf4-61762e19391c,2024-11-30,5230,657,5716
3c021f55-ba4e-4945-b56a-e6549ccbafc0,3669bd48-1633-4f98-98da-2b1cb0e9b8ac,2024-08-28,7200,730,4455
22d456c9-8ad2-4722-9001-2249ef50f7dd,e23ece43-0a38-48a1-bebd-baa7d849219e,2024-10-08,7673,1602,3841
eebec7c6-930c-46ee-91c4-13a31075039e,0338069f-6e08-4698-905e-0a10cc9da68e,2024-12-30,7475,1627,4286
b110bafe-a9f4-4ab6-b7c8-db5d9a4e91a5,6d1bd4b2-8354-4f74-99c2-f1737888c778,2024-09-29,6205,1520,4738
d8ad09cb-10bf-4027-9f3b-130f8c0f464e,89819a1c-737a-4f4c-926e-a16ae59836f2,2024-02-27,6849,707,3084
59def0db-9df9-4f82-8a83-325faa8b09c7,4e4c72b4-6aa7-436e-b092-f402531db90c,2024-08-24,5016,759,5760
b4525532-7fe4-4dd3-9d2d-eee6a13164af,f7d44153-023b-4152-8b7c-1737518def34,2024-07-04,4191,1501,5606
537550bf-b60a-4dab-bc57-13d2311e07d3,dc05e786-c1fc-4a38-ada2-c11e96e98925,2024-01-29,7749,636,4297
4d4e0c96-3826-4f99-812d-e386507899b8,15d77b43-a114-4962-be69-50aa123a2904,2024-04-09,6821,1382,5242
a608cc8a-a2e0-4209-b4f1-d96c42683501,be102a01-b4ac-4895-87b0-db53824d3ac3,2024-08-06,7325,1430,4113
805dc8f1-8c6e-4b26-94b9-36b942bb3850,a4f8c69e-7ef6-4bd4-81e1-69887d58c89f,2024-03-03,5542,1738,3656
