SalaryHistoryID,EmployeeID,PreviousSalary,UpdatedSalary,EffectiveDate,ChangeReason,Location
e5dd43ea-0113-412f-bfcf-e51ca306891d,281640af-0757-4999-9df2-d73b80caf301,95699,104573,2021-02-04,Promotion,Canada
df627412-9596-494a-a8d7-5b6fe6280786,5f994cb8-04c0-427c-821d-4f8b87de9a09,93073,95071,2020-05-02,Adjustment,Australia
1d8cd129-74e7-47ed-ad71-df65ebf8f24f,d38be133-c56e-4eb2-be4d-a9174f8a1379,75503,79650,2024-01-21,Adjustment,Australia
eda8fa5a-edfd-47f2-ae64-1a0695e107ab,82a27184-2259-4fe9-8ccd-fd92f323ca8d,80246,83917,2021-07-26,Promotion,USA
27ca6e73-da38-4ced-b929-82dc6473aed8,a28367b6-282b-42a6-818f-059a1e7d3ecc,99061,105114,2023-08-14,Promotion,Canada
5d7fbe6a-f43b-467a-8a91-77c1a15e4bd8,d56fae10-ea35-401d-974d-fd82c71c44c6,66234,71174,2024-06-21,Promotion,USA
a137ef85-5a0b-41e3-8d6e-efd7ef7e712d,b39bf432-57e7-42bb-ba82-911631355022,79270,88158,2020-02-06,Adjustment,USA
7fb59fb8-0870-4747-9c20-30dc282412c8,7feda354-2c4b-4dd5-b0fc-c8771027643d,97033,105071,2024-08-13,Annual Raise,Australia
c92529d8-486c-4928-aa6f-d8fff44c3f40,f96590c7-9584-47d5-bfdf-8700e258aa13,98195,102553,2021-07-26,Promotion,Canada
ae030bc6-3250-4413-b7e6-40bf20a555b5,ee654bc8-9449-48e9-91c8-e69091301e90,40181,43729,2022-02-16,Annual Raise,India
26d3196d-fbff-4483-96fc-279b9b10ebc7,5845a011-80fe-4b06-a4d4-708473246828,53315,57968,2021-10-26,Promotion,Australia
1bf82f54-060e-493b-a84e-1b7046f059d8,c97de832-f74c-4e9c-8e22-97510fb03393,53890,55376,2020-09-12,Annual Raise,Canada
3ed1f4f8-01cc-417d-b6b8-07b50da6ce33,688a50a3-88ff-4e2c-98a8-edad450f9540,99908,106691,2022-08-19,Promotion,Canada
a94bf4ca-18de-4b08-8e34-45e8cf06cc8c,fed58c79-fe08-415d-b3e6-ac10d9b8cc50,77738,84939,2020-02-28,Adjustment,Canada
53a2bfa1-fb8d-4ee8-800a-316966e38ee2,b217c137-3775-4043-b498-10ada48d485d,77717,79770,2021-06-13,Annual Raise,USA
d5f6a432-d4e5-4b23-833d-0329272043c2,5c42e8c6-b3c7-47e5-895a-842529dc82ee,81354,91015,2024-06-01,Promotion,India
88b27d67-59b4-4549-817c-7d4fb5c056e1,a2a2b574-5728-42aa-9ed6-e9ce7bb94c9a,80772,86935,2020-06-06,Annual Raise,India
20281fbf-4af9-44b2-9ba6-37be7dffae66,e62fa82b-5f48-4255-8570-d0b9c7c3f0ac,64186,69340,2020-05-16,Adjustment,Canada
6cfc5bb6-b980-4bc8-90b0-237ff00e0a92,b44e3b68-239d-4dc6-bdb4-b262412614f1,54309,57122,2022-11-06,Adjustment,India
c0071b84-f843-47d1-90d2-8aee596b2698,2ab82673-c5b7-4480-97de-df479d5d0b63,58659,63604,2024-01-14,Promotion,Australia
ca68da7b-7d7d-4cc8-b307-5f5401b42147,a4509072-9af8-46be-b21e-78583b3bb956,87799,90210,2021-10-08,Promotion,India
1f881d53-2f3f-4476-a780-ca6589acc515,a16eb339-8468-4ad0-940c-eb120d80e23d,61687,70096,2022-12-04,Adjustment,USA
876d3a88-bc90-425f-9702-8e5aa294ecf3,155dd9ac-d3f9-42d0-a23d-76c700d950db,96304,98442,2021-02-05,Adjustment,USA
1e9df634-7da6-49fb-a651-9957540a8068,402a8066-39ee-4420-a3b0-306e0dea7f2a,92000,100174,2021-02-25,Annual Raise,USA
618b6ce3-c5e4-4044-9b07-fb78a3a3e210,8b6c4489-b783-4fa2-85fc-0574a05bc406,92283,98971,2024-12-01,Promotion,Canada
c15d9239-34a2-4262-9c19-b741e9def30d,5f4c5c64-b40e-486b-8775-3b2164dce01e,95211,99358,2022-10-01,Promotion,Canada
61241a57-f1d8-4530-a81c-f87be0778da2,b69486c8-97ec-46ee-a652-3b36714f7e36,82382,90785,2021-10-31,Adjustment,Australia
f448aa04-701c-4a7c-98aa-5e44de9c5dd4,4468b8a1-8aa9-4226-85d4-a3553211e76f,80989,86199,2022-01-29,Promotion,Australia
3a5cb73d-7f9c-42b4-b483-c3d58b86435f,b95be3ed-d431-4159-be68-96aba31d743a,42670,51521,2024-05-09,Promotion,USA
4e7a0cc0-e2e5-4a66-9ad0-f49beacbc9a9,bcdc1004-74c7-47d1-b6e6-79946c8e116f,58178,61745,2021-09-24,Promotion,India
2bd6b4df-cfbd-47d0-ae3d-ead4e1fb7a34,c25db872-b9e2-4fe3-afc1-9e16f89f2e31,41706,50291,2023-04-03,Annual Raise,USA
00bc6d77-3940-420e-a6c7-aa58a6b3d778,d1e8eec4-01ef-418a-8fa8-cc080207a5a8,46858,54703,2024-10-10,Promotion,Canada
5b53fe02-f1c2-4ac4-93f2-d8d55a9c8998,7e75d156-10a2-4a23-9f78-d6e91011e8b1,67301,73747,2022-09-16,Annual Raise,Australia
0cfc9738-7e97-4df7-aa37-4606d8931c4c,0ed75ab7-d421-4f10-8937-8fc6250a42c0,98696,99755,2023-11-02,Adjustment,India
7d17058e-d33e-40d5-bd83-af730286f3c3,25ba4b81-cfc7-4ed3-a4f9-3cc9372f2d08,55901,65172,2021-09-04,Adjustment,Canada
ad5a4b84-a7b3-4bca-89a1-3df110514d87,1290253f-7505-4d50-a898-898b1d3da2b6,84136,87301,2023-04-02,Adjustment,Canada
409e87f7-f6b3-4e08-9106-9fc7c524149c,42442642-6393-44e0-91c8-cf71482f6819,76214,82190,2021-01-10,Promotion,India
16eadf91-5d85-42bb-90ab-d194a3961ca8,c5eec917-5658-4bfd-9a81-e4cc79da4187,69304,75059,2020-09-29,Promotion,Australia
6460a90a-7f3f-4e32-b589-13f97a276068,e7ed0b63-b080-4fd0-bee9-8ad918dcf36f,52884,58650,2022-09-29,Promotion,Canada
d7a8600f-9b6a-4a43-b781-e210f9e27819,5c1b53bf-4f14-4970-a591-6e668a285593,80699,85071,2021-11-24,Annual Raise,Canada
62346d9e-458c-49b8-807f-a3efed417225,c2f9684a-2769-40b5-b584-8f97b1cf6c19,85353,92250,2022-07-25,Promotion,Canada
1d2386cc-703a-48bf-8682-6fe81a3ee5ca,59c3d2ab-4006-4365-9adc-b66c4aba27b3,98029,104105,2021-12-20,Adjustment,Canada
eb0c406d-7f62-4308-9422-39a42f39fc9c,12c25df2-cc05-4e96-baa8-442202e4a719,82807,87453,2022-08-26,Annual Raise,Canada
c5c69f8a-0558-486b-9885-9d20249daa19,d897db21-cd9c-4121-bab3-4a6cd3bb29d0,63980,64998,2022-12-14,Promotion,Australia
db3f2e88-19c0-47b5-b17c-ed1526ff768d,d87144ab-c33b-42b2-b12b-9d3355f575a1,83657,88415,2024-12-13,Annual Raise,Canada
d14ed48a-ddf4-4aef-b2b7-b8786b237d02,71afa963-5d8c-43da-b89a-1750e8417397,84155,90588,2022-11-23,Promotion,Canada
996f9cb5-7e01-4f07-b44b-c466014bcbd2,8189d298-2995-48e8-838a-aea0598091a0,52775,59895,2024-11-04,Promotion,Canada
9945aecf-b783-4fde-8350-c72d43f24443,3a0f7db7-2665-46dd-842f-60b53e7d92cf,44014,45336,2022-09-10,Adjustment,Canada
8056b8cd-971b-4780-a437-8f40c8af6e08,03e5e0b3-6b4f-4439-95eb-b711c4aaaa95,44980,51807,2020-11-24,Adjustment,India
f982e647-dc40-462e-8b1c-847a0f72f984,adaadcc0-7f07-4bf7-8810-bb110b0eb24b,92583,97968,2023-11-30,Adjustment,Australia
f3a8da27-2baf-4c67-a9a3-13bf400b4884,4cfb5fe4-95d5-4fe7-9867-216a2cfd8f81,99688,105598,2021-02-16,Promotion,Australia
c1a5a713-070e-48e5-8307-4a347e2403a9,4f9b3833-8030-4a28-9b97-ef8b3899818c,76134,79161,2023-02-16,Adjustment,Australia
417d8e4b-d15a-47a6-8bb4-65be9d1859e4,52a39131-8154-45d4-9f43-8874a4ab8c4a,48196,53652,2024-12-27,Promotion,Australia
87b0fa7e-8ed7-4e6d-b492-12f7094e93b2,23a13f36-a609-4678-a608-57cad9ada6fd,66712,73423,2023-04-11,Adjustment,Australia
ef54555d-cb6c-4b24-ae5d-bcbd91f5cacd,fa4c00f6-dac3-4c8b-8f34-919664bcb988,83073,91111,2022-03-28,Promotion,Canada
080fd4c0-efe1-42ad-8511-cd4c3039c644,7f7f059e-ec74-46ae-a63c-fccbfc5be0d9,76247,78016,2023-06-26,Promotion,Canada
9370e464-474e-4b94-afac-f6581cd896a5,03448a6e-3671-4f1b-9214-934432c1ede5,63303,72506,2020-08-27,Promotion,Canada
4b4e845a-da7e-44df-8701-93112e031a1a,54b4c915-f1c1-4514-b16c-c289269dadaf,83013,85053,2023-01-05,Annual Raise,India
233af7ce-38de-419e-bf89-a90b5af7b32d,3ca273ec-75f1-44f6-9d20-34cb563b8736,77856,84948,2020-05-30,Adjustment,Australia
a256b170-efe8-4a9d-bc7f-b663e9df7088,9e5d791e-532f-4f5b-9824-15358c216814,48367,50936,2024-05-04,Adjustment,USA
0b8de15e-3a5c-41a1-9749-728e59dc906a,1f841645-3fb4-4ae2-828d-877abf551800,75524,80147,2020-05-03,Annual Raise,Canada
93419039-d783-4b31-b107-7d0b2f87009f,7964ec27-12c2-4a30-bf89-867a52b0b892,79858,88596,2024-08-20,Promotion,India
9c544986-c1a7-4c55-a6ba-8ff3e1bff0e9,dc5b7c6e-06da-484c-9fa3-1bbfa6cb9c37,51543,54954,2023-09-20,Promotion,USA
962aec70-320c-4830-b0bf-be33be8802d1,a8409a37-73bb-4b57-9ce9-d4593dd62dce,83608,86657,2020-04-13,Adjustment,Australia
28a6b190-c1f7-44b9-82a4-8ca44a57e946,afb4b3b7-f7f6-4902-816b-752f810d598c,54291,61770,2020-09-09,Promotion,USA
87e94414-a5eb-4166-bff5-d7b0162ba4ac,7d494112-5832-4163-8fbb-61038a40136f,74392,76775,2021-08-12,Adjustment,Canada
1352b836-e743-439f-ace9-a8e09b313f8e,0165a65c-0295-4161-8982-b65997425e8c,54531,63983,2023-12-10,Adjustment,India
ea917d51-422e-4b82-a966-9bc287c4faa7,538627af-636a-4d4d-a2a7-b602246d96c6,50100,59965,2022-10-17,Adjustment,Canada
af9d9301-90a9-4b7c-9b15-d01393078f67,78aa274d-9619-462c-997b-d32dc9fcf7ce,88247,92808,2023-03-31,Promotion,India
160f828a-9cd4-4e68-97d1-6041036bbabd,7efc3f60-8aa1-4612-be2d-a419e246e747,75838,80235,2022-03-16,Adjustment,India
144abb92-e8f0-4629-9b24-2f76f8e6e909,884d6232-8f36-4039-9cb6-8ca723afe676,60546,69192,2022-09-08,Adjustment,Canada
2ed35bdf-4e99-436d-ae46-49f2011009ef,3a5dc2c1-1fa9-4289-be61-3e1bddbcbe36,58941,67368,2022-12-24,Adjustment,Canada
d75672ca-2142-4186-a3c1-0de5aef5faaa,a3e78f40-a311-4e35-91cb-2cab67e1194a,86100,88769,2023-07-07,Promotion,USA
e0ec7d8d-fd87-40db-aaeb-6b2edcc9a2ba,e8306bc3-c654-4c12-b5c3-59153acec4a5,62122,69231,2021-10-26,Annual Raise,Canada
c8937d0a-2078-4250-beef-3e1a8c9f1440,0f5639a9-74cd-4960-b88d-0f069e1c7d0f,42076,47555,2021-03-01,Annual Raise,USA
1e13208c-0ba7-4546-ac87-0832183cbf09,f111c7fd-7ffd-4fdb-99fd-e3bea864582f,51799,55707,2020-08-14,Annual Raise,USA
3a3ef9ef-f60d-4660-abfa-4153bec953d2,4e020afc-2876-418c-a5d2-9a46ceb1c292,66249,68828,2022-06-16,Promotion,Canada
5074c8f1-b2c5-4a9d-a39f-d6965d23cd7b,fbccd9c0-cc30-458b-a5df-69b7daf03abf,50844,57043,2020-10-18,Adjustment,Canada
684d71c7-3a24-41b5-8517-97cb3f8f0a94,ed8578bc-5501-4dee-9847-f74004064f42,46285,49601,2024-02-04,Annual Raise,Canada
f7533b55-eef8-4381-aff1-abf04cc1c2f6,135e4a39-f74b-4a0a-aa60-4d484d2c4ee6,42201,48660,2020-10-24,Promotion,Canada
0dda667c-36a7-48d0-8719-9aee0c067c91,cf71e719-c40a-4ce5-b42d-a84c95ea0340,67254,71736,2023-11-17,Promotion,USA
725a5de1-39a3-406f-be28-b08175f91cf2,745ded0a-fb9d-457a-8c64-575cc2358792,96964,104739,2023-10-24,Promotion,USA
5f99a224-693f-4261-bcef-1f4e909dce23,bcefd5a0-11f7-4b69-9ca5-451f86c8f4ab,97175,100510,2020-08-06,Annual Raise,India
74e43741-f936-4305-a7fd-d07fd364fd59,7f601e70-ff7b-4c26-a8b8-599f1c0dc05b,70555,72711,2023-04-01,Annual Raise,India
4b16ad81-c5ed-4112-b679-abad7936304e,386db5a4-285f-4bd9-924b-517ed0556bd7,46222,47399,2020-05-09,Promotion,Canada
49e7d1ca-11d8-422f-bccd-7d9626e14f32,bdf3825b-0781-4472-8828-0e3f07d55b4f,91816,100974,2021-07-15,Annual Raise,Australia
c9385f16-1c6f-4360-86b8-cb9100e30e91,1333cac6-7fbb-4ee5-99b2-3b49fe543d9e,99687,109402,2021-10-14,Adjustment,USA
961a3903-6d8e-4913-8b04-40ae92e5e4e9,df3e53e1-b009-495a-91d5-8595cef0a5b5,49157,50726,2022-06-02,Adjustment,Australia
4b34db85-bf42-4399-ad5c-df9f6a9ac2e3,68f768b3-eed3-4b76-80dd-5137267eeee6,77155,86216,2023-09-19,Promotion,India
68cf5982-1bd2-40c7-a9a7-c91afc8ad2fb,7b1dffd5-25ce-4814-8d66-ba62d7f40f30,78893,85361,2024-07-01,Promotion,India
c8a5d89b-594c-4677-b933-c5c8b10b08e9,b4366f51-04ec-4b05-814d-c68c7d39c351,72044,75246,2022-02-02,Annual Raise,Australia
db486c84-6112-4b6d-a1f9-7b764da4c603,34e7ee6d-b87a-4aeb-9089-12977d6ec199,51358,57592,2021-11-15,Annual Raise,Canada
e83d8022-9300-4ea9-a088-68c51eff6e39,44c3856c-aad5-4877-918f-37538f63e190,86237,93404,2023-11-21,Annual Raise,Canada
db5345fa-299c-48b9-be00-393c66f482e0,753f2091-0981-4780-8ef7-48ac0c975e05,54747,61832,2024-07-14,Adjustment,India
99a582e3-44d9-4731-abad-68c39e38249d,dcef3d19-6808-4af0-8b62-00d9912c6a86,79370,81489,2023-09-08,Adjustment,Australia
7ceb713b-a3de-4eb2-9331-578ccd61f127,bb858705-5eb4-4705-b679-9b9729db3423,52614,56642,2023-02-28,Annual Raise,India
ec235fff-3396-4e52-8acd-d534ee3aae7a,c6249852-a0af-4d8e-9227-628fdf5fc756,87430,96085,2023-01-07,Annual Raise,Australia
7f82812b-c56e-4aae-8f3b-7ff47e705936,371b68c1-a315-40ed-9468-0cd81aa3afd5,59507,62541,2023-11-21,Adjustment,India
5bed0f2d-2579-4895-b117-2db101796c58,43309933-c433-42bd-b578-0934779d0359,80092,87498,2023-10-05,Promotion,Canada
bd4238ef-9b6d-4e14-a843-238121a8188e,ce0ca02d-34ac-4a75-b21e-b776b6c67128,68180,74650,2020-03-18,Annual Raise,India
7ec8b389-bfbf-45d3-9ca9-2c5b37dbb64b,8199887e-3870-4bbe-b150-67512c8d36c8,87940,90425,2022-03-11,Annual Raise,India
e5db8e56-b4a2-4621-b14b-57e56f5a97df,5565c722-01f7-4845-abe9-28d764a17dd1,87958,91091,2020-07-18,Annual Raise,India
eff8e0a8-4e86-4247-88da-3667da8d42a5,bd2bb217-52d4-4617-b27f-ad52137fe4c1,84279,92503,2022-06-21,Promotion,Canada
4c4b491e-c00e-4a8f-8c2b-407529a1c608,f8dc055e-00a8-45bb-94e9-a03a96edc4d7,70618,76854,2024-07-20,Promotion,USA
668d32db-4112-436d-95ec-9b434a2d273c,e76b9683-3be8-43a4-8701-ec17f38ff056,97486,102472,2023-04-09,Annual Raise,Australia
29d24b72-5350-41bd-a714-0a8801b18d4d,0fdc621a-fd02-4d5d-b411-e688c5a1e8be,78795,80872,2024-04-11,Annual Raise,India
0260749e-3e63-4f37-a5da-4ec70196a5d7,186680ab-2c7b-4faf-ac72-8b3ef2406c84,40209,41268,2020-12-02,Annual Raise,India
d580940b-c02e-42be-9b84-01eaec4d13b2,72b8adbd-595b-476f-8295-13aa3e83e541,70888,74257,2022-04-14,Annual Raise,Australia
12093e7d-e0fa-479b-9e36-6bad3c0cb9a4,0f78d2be-331c-4c25-8104-062ddffc096c,54855,63996,2021-04-29,Annual Raise,Australia
3fdc35b1-15fb-4d3c-9c55-3c06c6f64a29,7d7d1829-ca2d-492a-bedf-fb301c176f6c,56219,61444,2021-05-03,Promotion,Australia
3118ed2a-784f-42ef-a624-d0202ad5b61c,dec2f409-1d82-42c3-8b77-dee6acbb76b1,74182,78056,2021-06-16,Adjustment,Canada
5e1580a3-2316-4de5-848e-880aba452a5b,08abebc2-698b-4778-a8e8-3ce29fdbdfd9,74701,77957,2021-11-05,Annual Raise,USA
5b579e3e-2865-47da-9b0b-1d35354b4559,77599df7-8687-49d4-83ab-6441ce5c16ef,52557,55965,2021-07-27,Annual Raise,Australia
0075af9c-2d3f-4617-b30b-d0c1cf87ccfd,6bc1edb3-a66a-48d0-9ff2-335622114e2f,76235,79919,2023-04-13,Adjustment,Australia
f8b04c6e-f639-4004-82b5-91a1bbadb129,c289f0c3-5cd4-46fc-8dd2-b9ffa8f32a2c,57343,67080,2024-10-03,Annual Raise,USA
0551209b-9141-4181-86bb-768a55159800,2926195d-1fc2-47fe-b453-17102ba521b7,50603,52597,2022-01-09,Promotion,India
ef729145-0d13-47cf-91d7-47830d37c1cc,e7dba491-9029-4f45-b7a8-5e4b9d5d4c5d,52578,56586,2024-08-23,Adjustment,Australia
cd9050d3-08a7-47da-bf30-91a5dd9713fe,260a263d-88f2-4bf6-ad5e-d46a1d55610f,66171,73670,2021-04-07,Annual Raise,USA
99655ea8-1339-43a6-8ec8-7a529abf1555,7b99fc71-0ccb-4b19-978c-844a51349f37,71095,74248,2020-06-01,Promotion,India
c543ba3b-e1aa-4633-8ff0-f4276059b606,8b1a4691-2996-4e1a-91f8-aef1578fabfd,66598,70081,2022-01-23,Adjustment,Canada
9b9685ea-27c3-4184-8a78-5a3fd863bcc2,ba3cbc67-a8f5-4401-871b-9d849652cde4,50467,59411,2021-01-11,Annual Raise,Australia
912827b5-4a60-4f4a-a2f5-218c3074642b,aab22ac5-d71f-44e9-b6f6-634895f4519a,76047,78375,2020-06-16,Annual Raise,Canada
4a06f88a-ef46-4c99-9f31-3658664eed09,c4802b4f-f508-41c1-adf7-ee59382858e6,91982,97266,2024-03-19,Promotion,Australia
caf7fcaf-416a-4c8c-b8c0-17d86705990a,a4ed836d-94ae-45de-b755-4a3dde7da915,81806,86874,2024-07-04,Annual Raise,USA
8ee7e437-baa5-4715-9afb-3e01fc387c03,2c7f0317-dbd3-4782-8b39-54ddb2333822,61294,65908,2020-04-03,Promotion,India
2b6a1014-53e7-403f-b645-47e7a00c437e,d7f78caa-3184-451c-b34e-d9b522cadc2b,96892,106729,2020-11-10,Promotion,India
598365e6-f99e-4d98-a471-a8f5ab3bc685,432da541-056f-4a68-a68d-8fe5cbf49537,93105,97688,2020-04-06,Annual Raise,Canada
907f111c-73b3-4768-8635-71f6526f0f78,d05297ac-cddb-4491-82ff-9834675311b1,93132,97626,2020-09-21,Adjustment,India
c9946d27-c42c-476e-9ce4-c530eb21665d,f4d5c0b1-adc7-4db8-8d8c-a55a86791cf8,64473,71312,2021-07-14,Promotion,USA
53b8a1df-3f72-4914-8a1e-0a6277d0645b,624c41c3-ad57-4823-9ceb-ed5b6afb54ee,91350,98095,2020-06-25,Promotion,USA
85eff2c1-2614-4f77-b185-720da3bb6d99,80f76299-c79e-4566-9e7e-437fffabe489,52992,58557,2020-04-21,Promotion,USA
93b30639-47af-40c1-ab93-5ec75d0b6a03,5ac5129d-de30-484e-9b05-3ad151072382,59492,68247,2024-03-11,Annual Raise,Australia
fe0ec82f-3b3a-45e9-b9e8-0416fbc535a0,ed79ad14-afbf-4a52-82c2-c588aeefaddd,72038,79925,2020-07-20,Promotion,India
340a7729-cdbd-4a19-93df-94150efa7e6b,b0ce37b7-7919-4f96-bb81-8468b2c7a4b8,86837,91981,2021-01-04,Promotion,Canada
c9d6df06-dee1-4402-a393-2f4ae593c3ce,bdaf0424-0885-4655-b607-a1b02a928211,59170,66328,2023-11-27,Annual Raise,USA
ef173817-66c6-4453-82ef-2dad1878dae5,0d94cc49-e945-42f1-9ed7-26b29e29ebc0,54926,56064,2023-01-29,Promotion,USA
704e99c5-ab4a-4d34-b6ce-30af32536503,1b8ad5aa-f9bc-4553-96b8-0b214cf7ab8e,51000,58395,2020-11-29,Annual Raise,USA
19e88d62-33ce-49e6-b003-3f07ff3c3ef0,3a6e1f22-742b-4e9a-bb79-4e2f28374cba,58161,62739,2020-07-14,Promotion,Australia
9e1051a2-584c-4b43-9c7d-c3510c1f2897,8c41ec49-c28b-4ca6-98c6-90e4b90ebb5d,86749,88019,2022-04-17,Promotion,India
32911853-2431-49e0-ae39-558d6b03c100,56e81b95-81a7-400a-9a73-2729401079b5,54922,63128,2023-08-24,Promotion,Canada
93104bb9-683b-4fbc-aff8-3bc8ba997162,4f7af68f-9151-4245-88ac-cc32601a6ebf,67680,76282,2020-07-20,Promotion,Australia
75fdc161-725a-43b4-b445-89a2ea5659e5,73276474-9caa-4dd0-9fd7-f9c0fc8d7845,62667,65600,2021-02-16,Annual Raise,USA
c0d93a09-83e3-4089-aaa5-8d71c2d8f6c6,a537114b-eb9c-4cf0-9fd8-6b0e7004598d,52539,60580,2020-05-20,Promotion,USA
c50e9c59-356c-40ec-bfad-9f57f8f32f31,d0139cac-e136-4c34-b0ee-612291bd8c71,54867,58847,2021-10-30,Annual Raise,Canada
47dfbbe9-8c4e-4d99-b9cf-34a4eb97706d,55211f46-548e-4232-8f52-f26c5417aecc,70501,73223,2020-07-30,Annual Raise,India
d1dcd451-2e13-497c-b730-f83e468e575f,0e5ffd96-1e40-455d-9ac4-536bddeedee7,69019,71968,2022-05-07,Annual Raise,India
84c0f12f-a24b-48a2-aacb-8a1313109b28,4c34cbdd-33c9-421d-b7e6-a95c099740ea,94217,95549,2021-10-28,Adjustment,India
9af5eea7-bae9-4f35-b52b-b265d5353295,c966e48b-7138-449f-8d71-2e3a4b7081ee,66912,70944,2024-09-23,Promotion,USA
0c1cd0eb-1c08-4f0d-986c-902207d918bb,06bbe167-bea4-4930-a377-da67241b7a31,58125,67466,2024-02-14,Promotion,India
8ae68747-b4cd-49ec-b9e9-cff92cd85c6d,15fe9985-2221-4621-ab19-ddca84f45aae,63349,70706,2023-10-01,Adjustment,Australia
9c764a50-89f8-4a32-914c-dfcdd066865c,627d68d6-a4b4-4eed-9272-7ba22cbd5177,83487,86220,2020-03-06,Promotion,Canada
88d9b2b1-258c-4522-858f-48dfbe7ddbca,d2266a6a-53bb-4626-812c-8c6dd3cce5aa,87932,89859,2022-07-21,Adjustment,India
ff6cb5b9-8afb-4974-a747-a43ba0358941,d2083a42-d9a2-409f-8c88-565b1bfaec6b,47917,50385,2024-03-29,Promotion,USA
fb142c96-c912-416d-a05d-6813e51ea6f9,dd7716c5-4f64-4a8c-beef-558efc3e5f53,67399,75612,2020-11-28,Promotion,India
467769d9-672b-4d2e-bf66-c10f26b0866e,f235dba9-f5db-4f6d-bccd-761ec583006f,55714,63581,2020-08-13,Annual Raise,India
15e98b75-abc2-4875-a74b-0d56005e26bb,73a8943e-232a-492a-8db1-a90f2b836bf9,54808,57330,2023-10-28,Promotion,India
8cecd111-9b35-4574-be7d-254b53c790c8,59c11870-ceba-4947-92e6-4bf3bb994f11,87324,96582,2021-07-19,Promotion,USA
9e9c7ab0-f551-47f7-a228-8002d068aadf,4cd7bb1f-8000-49a5-b132-593c4edcbd55,60042,66527,2020-09-11,Promotion,India
74cc6b8f-f6c4-4505-b102-7870348c8b0a,c99e1807-8c9f-4fb6-89e5-64333392b823,70077,73299,2022-08-16,Adjustment,Australia
7d4db1c1-2e14-4c18-83b0-483a860ec48e,babcc840-08d9-4cd4-863e-cfcbba88d1c9,99338,100437,2024-08-29,Annual Raise,USA
f0f03c0f-8fe3-4c55-82c7-5b3cf85a47ce,98255002-45b6-46ef-8e10-01f463e179aa,51073,58000,2023-06-12,Adjustment,Canada
c8b6e2df-762f-4ce1-b185-69dcc9438749,8506a7ae-0786-4753-98e1-31180c41bfce,71511,76560,2020-07-07,Promotion,India
6bd7ecc1-4385-41ff-b4be-f1979ecf93db,d659e1ba-5c45-4fb9-a8a1-8f77146e737e,78996,87863,2020-05-23,Annual Raise,Australia
b841f74a-288b-4c3c-a2f5-80ef21c0fbf3,4abbc014-86d9-4354-a8b9-0b37a916ff4f,83417,91234,2023-01-04,Adjustment,USA
bd7aa835-fa15-4a08-b234-2288bc38e759,2a28ae34-34db-4097-9872-688f35a4ee31,44190,47638,2024-10-24,Annual Raise,Australia
459b8e13-2a98-4e1c-bbb6-6d4d5c55d8db,cbf47fe8-fd95-460d-aa2f-67efc286604c,69142,75528,2023-07-19,Adjustment,USA
6746aa8e-1805-4637-ae36-af3b886154b4,b7e4c27b-1a57-4136-bafc-5d1732cfa36e,85702,89275,2020-06-03,Annual Raise,USA
4dbbc4cb-ef96-4ed2-98e0-9fa6170514e1,c3f62bd1-abcf-442b-b827-ac5711b3f138,87037,92356,2021-08-15,Adjustment,India
4d3354c4-cc20-4b44-97e1-7bfa1669ca83,bd8d87b3-e166-4ff6-b113-256e74d84bdb,60957,70033,2021-07-25,Annual Raise,India
bb8e5e87-e8db-438f-acf8-5268950c09ac,011f08c6-3c60-4dec-a266-c2c793112bb8,81287,85782,2024-07-14,Adjustment,Australia
4f61dddc-662c-44e6-98e7-a8d3ad172947,a2a796bc-5d4b-4cc6-adb0-c3a626c3574f,74659,78778,2021-09-04,Adjustment,USA
af5e9568-40cc-4365-90c3-593d09fd2a13,831211dc-f618-4799-9f7a-5ae07b85e92c,77429,85457,2021-10-13,Adjustment,USA
903f35c2-9a0e-423f-8ae0-e61f160c33bc,6d3a3afe-9fb1-4f13-ab24-db42e00aeea1,76887,80911,2023-09-09,Adjustment,Canada
e6862a6b-d58e-418d-ab96-cac2af4b2ad4,f8b1279c-f06a-49f5-83c6-978b963213a1,86302,93507,2020-05-31,Annual Raise,Australia
c59ff218-4c24-4a97-9edd-bef9de02557d,cb266c5b-ece5-49da-9f05-8c10fa250803,44419,53638,2024-09-29,Annual Raise,India
e69955d2-97d2-40ec-a8ce-142667521067,bdf14a51-6636-4ede-b507-1f483dbb352c,81767,91156,2021-11-08,Adjustment,Australia
471c0baa-11e4-419f-8ef6-d8b6395bbf67,f7a9abb9-b01a-456e-a7f9-3051c551e441,41561,44990,2024-12-31,Adjustment,Australia
7178a7ab-614b-48af-9cb7-03027c0efd3e,57bef38c-20ee-4710-a4eb-940ffb22ad05,61375,67258,2023-10-08,Annual Raise,Australia
f86a44ea-2c25-48d3-a2b5-1b9b31340a9f,7e47d3b5-dc25-4062-9586-a5ff8c346ee4,46519,49032,2023-11-23,Adjustment,Canada
c3c8e876-af98-4893-a76a-b4a649850bb7,8573c174-22a5-4805-bd27-371adcf7b6cd,70560,75731,2022-09-06,Annual Raise,Canada
b2c9f183-99e1-45e4-b320-e9f9e8e8a6f4,5d455b54-8bc4-457e-abd8-a9ef67e57628,41895,50443,2024-09-26,Adjustment,Australia
bd53a0aa-deab-414a-b27b-adb8d8f1b92c,19bbb171-ae28-4cb5-93b0-b3d1ad8ff580,85782,92634,2021-09-01,Adjustment,Australia
c4626b99-18f6-4712-babb-b8b9b6177b72,36efa564-1b73-402c-9f8d-3c3c1e82a1d6,81269,83381,2023-01-14,Promotion,USA
5817005c-799c-4230-9bb4-a2f067402914,77b5d1f9-7330-48b1-825d-6c8fe1aea632,56283,59842,2022-05-22,Adjustment,Australia
17067f82-e210-4545-a34a-1bc50e9f19f5,dadc75a4-0783-4cec-96e8-557db9e1d2a5,49384,53003,2021-12-27,Promotion,India
ba7fcb00-02c8-4ef6-ad46-1a9b2d715184,12334d61-15da-4524-87af-f699fb401f55,85045,86428,2020-04-19,Adjustment,Canada
3233cedc-7bc8-469f-a232-8378f79f7411,5e4f5d6d-66e4-4905-a572-3529638bb488,44185,52162,2021-03-23,Annual Raise,Australia
7ca31767-9849-4f6f-8855-c0a947c1d208,2bfb4c5c-4fa9-43be-9dbb-bee4644700db,53480,55167,2024-06-24,Promotion,Canada
6ed7eb53-2355-41fd-84e8-1b8a99f8f8e8,419f6541-ba3f-4bc7-abf4-61762e19391c,74057,75237,2022-05-10,Annual Raise,USA
0e656b57-0f6b-4c7f-8f46-7a957f79a4c0,3669bd48-1633-4f98-98da-2b1cb0e9b8ac,56861,60438,2023-07-23,Annual Raise,Canada
557e5d07-f6cb-415a-85c7-e66b254f5307,e23ece43-0a38-48a1-bebd-baa7d849219e,94327,98283,2021-12-24,Adjustment,Australia
83cbe0b3-9aad-4c0c-9e4c-c52df18c8e79,0338069f-6e08-4698-905e-0a10cc9da68e,61819,68529,2020-08-02,Adjustment,Australia
fb8382ef-a570-4bdb-b248-6ce3c49931e6,6d1bd4b2-8354-4f74-99c2-f1737888c778,77050,83112,2023-10-20,Annual Raise,Canada
370235eb-61ef-4311-9694-d889759a80bb,89819a1c-737a-4f4c-926e-a16ae59836f2,67834,75921,2023-05-04,Annual Raise,USA
5a0e2a60-47e9-4e57-943a-2d96bd2aaa34,4e4c72b4-6aa7-436e-b092-f402531db90c,53986,60326,2023-07-10,Annual Raise,USA
b36d40c6-22db-477c-b23e-6b1ef14eefb4,f7d44153-023b-4152-8b7c-1737518def34,63366,64477,2024-11-08,Promotion,USA
f3ce8393-b1bb-4481-a1ef-f1c10d1f9db6,dc05e786-c1fc-4a38-ada2-c11e96e98925,79624,82652,2021-12-13,Adjustment,India
b19c35ea-d01e-4da7-b198-2f6574cd0253,15d77b43-a114-4962-be69-50aa123a2904,96602,98842,2023-11-30,Adjustment,India
706e04e6-bddc-4c42-9a52-45df3dc81ffd,be102a01-b4ac-4895-87b0-db53824d3ac3,76387,83008,2022-09-10,Adjustment,India
24546482-4023-452a-826d-cc615b10f455,a4f8c69e-7ef6-4bd4-81e1-69887d58c89f,57950,62569,2023-05-16,Promotion,Canada
